Year,Site Name,Value
2020,,"237,035"
2020,ABBOTSBURY B3157 PORTESHAM ROAD STW 13001,19.00
2020,ABBOTSBURY CHURCH STREET SPS 15494,6.67
2020,AFFPUDDLE SPS 14256,0.00
2020,ALFORD STW 19837,10.80
2020,ALL CANNINGS SPS 15111,258.25
2020,ALLER CSO 16692,26.57
2020,ALLINGTON OLD INN SPS 14304,1801.00
2020,ALLINGTON SPS 15120,0.00
2020,AMESBURY FLOWER LANE SPS  14323,0.75
2020,AMESBURY OFF CHURCH STREET STW  13008,3.25
2020,ATWORTH PURLPIT SPS 14463,77.42
2020,AUST STW 13012,0.00
2020,AVONMOUTH KINGSWESTON LANE STW 13013,1849.00
2020,AVONMOUTH LOWER HIGH STREET O/S NO. 27 CSO 19885,0.00
2020,AXBRIDGE OLD STW SITE SPS 13014,0.00
2020,BALTONSBOROUGH BALTONSBOROUGH MAIN SPS 14097,15.50
2020,BALTONSBOROUGH BALTONSBOROUGH MAIN SPS 14097,16.00
2020,BALTONSBOROUGH ORCHARD LEIGH CSO 16497,128.00
2020,BARFORD ST MARTIN BURCOMBE STW 13015,2332.50
2020,BARFORD ST MARTIN SPS 14354,675.45
2020,BARTON ST DAVID SPS 14283,130.25
2020,BARTON ST DAVID TOOTAL BRIDGE SPS 15316,1945.92
2020,BATH AVON STREET O/S BATH TECHNICAL COLLEGE CSO 17532,66.75
2020,BATH BATHEASTON BY-PASS CSO 19538,669.67
2020,BATH BAYTREE ROAD ALLOTMENTS R/O NO 28 CSO 17538,2.00
2020,BATH BECKHAMPTON ROAD O/S NO 50 CSO 16014,64.07
2020,BATH BELLOTTS ROAD CSO 19704,23.60
2020,BATH BEWDLEY ROAD CSO 17166,10.83
2020,BATH BLOOMFIELD ROAD NO 33 JUNCTION WITH HENSLEY ROAD CSO 16110,26.07
2020,BATH BRASSMILL LANE BETWEEN OSBOURN / AVONDALE ROAD CSO 16052,9.67
2020,BATH BRASSMILL LANE O/S NO 62 CSO 17510,0.00
2020,BATH BRASSMILL LANE OPP NO 22 CSO 17172,124.57
2020,BATH BROAD QUAY / WESTGATE STREET JUNCTION CSO 17533,284.93
2020,BATH CAR PARK ADJ J HUGHES COTTAGE CSO 17542,26.40
2020,BATH CHURCHILL BRIDGE ISLAND OPP WELLS ROAD CSO 16117,10.27
2020,BATH CLEVELAND BRIDGE TO THE WEST CSO 16073,2.17
2020,BATH DARTMOUTH AVE NR ENTRANCE TO LINEAR PARK CSO 17589,0.00
2020,BATH DORSET CLOSE O/S SCHOOL CSO 16017,1.73
2020,BATH DURLEY PARK / OLDFIELD LANE JUNCTION CSO 16019,24.40
2020,BATH EA DEPOT SPS 16050,16.50
2020,BATH ENGLISHCOMBE LANE / SOUTHDOWN ROAD JUNCTION CSO 16123,20.90
2020,BATH ENGLISHCOMBE LANE / STIRTINGDALE ROAD JUNCTION CSO 16011,0.67
2020,BATH FAIRFIELD AVENUE R/O NO 30 CSO 17537,0.00
2020,BATH FERRY LANE O/S FUNERAL DIRECTOR CSO 16046,6.60
2020,BATH FIELDINGS ROAD CSO 16058,14.30
2020,BATH FORESTER AVENUE O/S HORTON HOUSE CSO 16078,7.63
2020,BATH FOX HILL O/S WOODLANDS COTTAGE CSO 16092,25.13
2020,BATH GREEN PARK SYPHON INLET RIVER TOWPATH CSO 17531,1.17
2020,BATH GROVE STREET / ST JOHNS STREET JUNC NR BETHEL CH CSO 16064,1.80
2020,BATH GROVE STREET OPP NO 13 CSO 16061,0.00
2020,BATH HAMPTON ROW / ROCKLIFFE AVENUE R/O (NR BATHS) CSO 16084,0.47
2020,BATH HAZEL GROVE R/O NO 24 TO 39 CSO 16013,3.60
2020,BATH HISCOCKS DRIVE ADJ TO RAILWAY BRIDGE CSO 16018,24.20
2020,BATH HUNGERFORD ROAD / UPPER BRISTOL ROAD JUNCTION CSO 16035,0.00
2020,BATH KENSINGTON MEADOWS BUS DEPOT STORM TANK INT 16083,482.87
2020,BATH LADYMEAD HOUSE (R/O) WALCOT CSO 16067,36.33
2020,BATH LAMBRIDGE RUGBY GROUND CARPARK CSO 17543,55.60
2020,BATH LANSDOWN LANE / HIGH STREET JUNCTION WESTON CSO 17513,34.83
2020,BATH LARKHALL TERRACE FIELD TO REAR CSO 17541,26.77
2020,BATH LOOP ROAD WALCOT STREET CAR PARK CSO 16069,0.40
2020,BATH LOWER BRISTOL ROAD NEAR MILL LANE CSO 16053,0.00
2020,BATH LUCKLANDS ROAD O/S LAWN COTTAGE CSO 17524,5.07
2020,BATH LYMORE GARDENS O/S NO 15 ADJ LAUNDRY CSO 16125,0.00
2020,BATH LYNCOMBE VALE O/S 3 NEW VILLAS CSO 16093,3.23
2020,BATH LYNCOMBE VALE O/S NO 1 CSO 16096,3.70
2020,BATH MIDLAND ROAD TWERTON SPS 14002,16.98
2020,BATH MOORLAND ROAD NEAR NO 49 CSO 16016,46.37
2020,BATH NEWBRIDGE ROAD R/O NO 131 CSO 17511,62.72
2020,BATH NEWMARKET ROW GRAND PARADE CSO 16089,0.00
2020,BATH NORFOLK BUILDINGS CSO 16040,79.75
2020,BATH PARADE GARDENS CSO 16088,106.73
2020,BATH PRIOR PARK ROAD CSO 16095,56.27
2020,BATH PRIOR PARK ROAD OPP NO 9 CSO 16099,1.20
2020,BATH RAILWAY PLACE O/S ROYAL HOTEL CSO 17536,14.83
2020,BATH RECREATION GROUND BY NORTH STAND CSO 16043,189.80
2020,BATH ROCKCLIFFE ROAD R/O NO 45 CSO 16081,78.93
2020,BATH RUSH HILL OPP CULVERHAY SCHOOL CSO 16119,6.23
2020,BATH SOUTH PARADE IN GARDEN CSO 16042,97.25
2020,BATH SOUTHDOWN ROAD O/S NO 85 NR GLEBE ROAD JUNCTION CSO 16122,0.03
2020,BATH SOUTHGATE (NORTH END) ADJ LITTLEWOODS CSO 17534,5.10
2020,BATH SOUTHLANDS RO NO 125 CSO 17514,5.23
2020,BATH SPRING GARDENS ROAD U/S K&A CANAL SYPHON CSO 16090,120.67
2020,BATH ST JOHNS RC PRIM SCHOOL AT REAR NR RECREATION GROUND CSO 16045,27.25
2020,BATH ST JOHNS ROAD OPP VULCAN HOUSE CSO 16048,2.57
2020,BATH ST JOHNS ROAD SCOUTS SITE CSO 16072,19.07
2020,BATH STATION ROAD S/O 44 LOCKSBROOK ROAD CSO 16059,57.43
2020,BATH TECHNOLOGY HOUSE SPS 16057,130.09
2020,BATH UPPER BRISTOL ROAD ADJ MARLBOROUGH LANE CSO 17526,36.37
2020,BATH WALCOT RIVER BANK END OF CHATHAM ROW CSO 16068,105.33
2020,BATH WALCOT ST RIVER BANK R/O ALDRIDGES CSO 16070,11.50
2020,BATH WALCOT TERRACE R/O NO 1 ON LONDON ROAD CSO 16077,18.63
2020,BATH WARMINSTER ROAD / SYDNEY ROAD JUNCTION CSO 16049,0.20
2020,BATH WELLSWAY / BLOOMFIELD ROAD JUNCTION BEAR FLAT CSO 16112,10.13
2020,BATH WELLSWAY NR 372 CSO 19703,23.47
2020,BATH WESTMORELAND ROAD / CHELTENHAM STREET JUNCTION CSO 16115,7.23
2020,BATH WESTON VILLAGE SEWER CSO 17515,156.23
2020,BATH WIDCOMBE BAPTIST CHURCH AT REAR CLAVERTON CSO 16098,37.87
2020,BATH WINDSOR COURT CSO 17517,229.43
2020,BATHAMPTON M H K CSO 16755,11.50
2020,BATHAMPTON MILL LANE CSO 16758,248.10
2020,BATHEASTON BATHEASTON GARDEN CSO 16772,1.70
2020,BATHEASTON COALPIT ROAD JUNCTION WITH LONDON ROAD CSO 16753,327.63
2020,BATHEASTON MILL HOUSE CSO 16757,12.97
2020,BATHFORD OSTLING LANE CSO 16759,150.93
2020,BATHPOOL HYDE LANE SPS 15435,103.83
2020,BEAMINSTER SOUTHGATE SPS 14404,770.74
2020,BECKINGTON STW 13017,1111.31
2020,BEER HACKETT SPS 14397,833.41
2020,BERKELEY PARK VIEW ROAD SPS 14388,0.00
2020,BICKNOLLER BICKNOLLER SO CSO 16888,54.33
2020,BIDDESTONE MANOR COTTAGES SPS 14179,728.16
2020,BILBROOK SPS 15516,154.75
2020,BISHOP SUTTON SPS 14431,151.14
2020,BISHOPS CAUNDLE BLIND LANE OFF A3030 STW 13021,674.78
2020,BISHOPS LYDEARD CHURCH STREET CSO 17356,n/a
2020,BISHOPS LYDEARD STW 13022,233.25
2020,BITTON SPS 14067,108.63
2020,BLACKFORD BLACKFORD MOOR LANE SPS 19663,91.02
2020,BLACKHEATH STW 13024,0.00
2020,BLAGDON STW 13025,467.13
2020,BLANDFORD LANGTON ROAD (BLANDFORD NO 1) SPS 15206,89.00
2020,BLANDFORD ST MARY BOURNEMOUTH ROAD SPS 15205,17.50
2020,BLANDFORD ST MARY BREWERY NO 2 SPS 15197,0.00
2020,BLEADNEY BLEADNEY MILL SPS 14072,641.23
2020,BLEADON PURN SPS 15573,798.00
2020,BLUE ANCHOR PILL BRIDGE SPS 14423,0.00
2020,BOSCOMBE NO 1 SPS 15002,5.00
2020,BOSSINGTON SPS 13389,0.00
2020,BOURNEMOUTH COOPER DEAN DETENTION TANK INT 18015,38.70
2020,BOURNEMOUTH FISHERMANS WALK CIS CSO 19266,0.00
2020,BOURNEMOUTH IFORD LANE TUCKTON SPS 15007,37.63
2020,BOURNEMOUTH NO 1 SPS 15019,25.00
2020,BOURNEMOUTH TUCKTON ROAD O/S 156 CSO 16131,8.25
2020,BOVINGTON LYTCHETT LANE SPS 19699,62.92
2020,BOWERHILL SHAILS LANE STW 13028,419.03
2020,BOWERHILL SHAILS LANE STW 13028,87.57
2020,BOX BOX RECREATION GROUND (ADJ TO) CSO 19052,41.73
2020,BOX MILL LANE STW 13029,234.30
2020,BOX VALENS TERRACE CSO 16605,452.20
2020,BRADFORD ABBAS MILL LANE SPS 15282,22.50
2020,BRADFORD ON TONE HOCKHOLLER A38 SPS 15468,2254.33
2020,BRADFORD ON TONE STW 13032,2599.93
2020,BRADFORD ON TONE TONE GREEN SPS 15463,66.58
2020,BRADFORD-ON-AVON BARTON FARM TERMINAL P STN SPS 16920,0.00
2020,BRADFORD-ON-AVON CULVER STREET RECREATION PARK OFF POUND CSO 16897,217.67
2020,BRADFORD-ON-AVON MARKET STREET JUNCTION WITH CHURCH STREET CSO 16899,33.33
2020,BRADFORD-ON-AVON MARKET STREET/ SILVER STREET JUNCTION CSO 16925,43.97
2020,BRADFORD-ON-AVON SPRING FIELD AND WOOLLEY STREET JUNCTION CSO 16898,41.70
2020,BRADFORD-ON-AVON STW 13031,207.73
2020,BRADFORD-ON-AVON STW 13031,0.00
2020,BRADPOLE FISHWEIR FOUL SPS 15500,2.10
2020,BRADPOLE LEE LANE SPS 15481,43.70
2020,BRANSGORE WILTSHIRE GARDENS SPS 14132,2.61
2020,BRIANTSPUDDLE SPS 14272,171.60
2020,BRIDGWATER BLAKE GARDENS SPS 14378,0.00
2020,BRIDGWATER BRISTOL ROAD SPS 14385,86.75
2020,BRIDGWATER CHILTON STREET SALTLANDS SPS 14384,46.75
2020,BRIDGWATER COLLEY LANE SPS 15415,0.00
2020,BRIDGWATER EAST QUAY SPS 15243,25.74
2020,BRIDGWATER HORSEY BATH ROAD SPS 15715,1.75
2020,BRIDGWATER TAUNTON ROAD SPS 15393,28.69
2020,BRIDGWATER WEST QUAY DRAWBRIDGE SPS 15400,3.17
2020,BRIDPORT SOUTH BRIDGE TANK INT 15651,136.07
2020,BRIDPORT SOUTH STREET DEPOT CSO 16813,543.10
2020,BRIDPORT WEST BAY ROAD REAR GARDEN OF 13A CSO  17396,0.00
2020,BRIDPORT WEST BAY SLUICES SPS 15507,48.42
2020,BRIDPORT WEST BAY SPS  13334,38.75
2020,BRIDPORT WEST BRIDGE CSO 16821,8.33
2020,BRIDPORT WEST STREET CSO 16822,55.63
2020,BRIDPORT WYCH FARM STW  19539,720.74
2020,BRINKWORTH FOUL SEW O/F CSO  16575,0.00
2020,BRINKWORTH STW 13035,415.90
2020,BRISTOL ABBEY ROAD O/S NO 123 CSO 16365,8.83
2020,BRISTOL ALMA ROAD O/S NO 87 CSO 16290,10.25
2020,BRISTOL AMENITY LAND OPP NO.63 QUAKERS ROAD CSO  19780,0.30
2020,BRISTOL ASHLEY DOWN ROAD ALLOTMENTS CSO 16348,2.30
2020,BRISTOL ASHTON AVENUE SPS 14016,133.33
2020,BRISTOL AVON STREET / OXFORD STREET CSO 16417,10.33
2020,BRISTOL AVONMOUTH ROAD / WEST TOWN ROAD CSO 16414,139.02
2020,BRISTOL AVONMOUTH ROAD / WEST TOWN ROAD CSO 16434,27.39
2020,BRISTOL AVONMOUTH WAY CSO 16134,81.50
2020,BRISTOL BATH ROAD / FLOWERS HILL CSO 16152,5.40
2020,BRISTOL BATH ROAD TRADING ESTATE CSO 16155,4.37
2020,BRISTOL BATH ROAD/ FLOWERS HILL CSO 19258,0.00
2020,BRISTOL BEDMINSTER ROAD SIDE OF 191 CSO 16262,2.27
2020,BRISTOL BISHOP ROAD / 214 GLOUCESTER ROAD CSO 16292,0.77
2020,BRISTOL BLACK ROCKS PORTWAY CSO 14017,406.20
2020,BRISTOL BLACKBERRY HILL O/S NO 9 FROME BRIDGE CSO 16213,0.00
2020,BRISTOL BOND STREET O/S CAR PARK CSO 16186,2.03
2020,BRISTOL BRENTRY ROAD O/S NO 57 CSO 16214,0.00
2020,BRISTOL BRISLINGTON HILL/BRISTOL HILL JNC. CSO 16156,23.27
2020,BRISTOL BROADMEAD ON HUB CSO 16188,0.00
2020,BRISTOL BROOK ROAD / WHITEFIELD ROAD CSO 16314,1.47
2020,BRISTOL BROOK ROAD CAR PARK J SOMERS & SONS CSO 16315,0.03
2020,BRISTOL BROOMHILL ROAD / HUBERT CLOSE CSO 16160,0.00
2020,BRISTOL BUDE AVENUE FOOTBALL PITCH CSO 16316,6.70
2020,BRISTOL CAIRNS ROAD O/S 42 CSO 17447,0.42
2020,BRISTOL CANFORD ROAD / CANFORD LANE CSO 16367,8.50
2020,BRISTOL CATTLE MARKET ROAD SIPHON CSO 16190,10.42
2020,BRISTOL CENTRAL INDUSTRIAL ESTATE BATH ROAD CSO 16161,0.50
2020,BRISTOL CENTRAL TRADING ESTATE BATH ROAD SPS 15414,3.08
2020,BRISTOL CHERINGTON ROAD O/S NO 2 CSO 16369,93.50
2020,BRISTOL CLEVE COURT FILTON CSO 19769,3.17
2020,BRISTOL CLIFTON DOWN STATION CSO 16297,5.75
2020,BRISTOL COMMERCIAL ROAD / BEDMIN BRIDGE CSO 16193,35.75
2020,BRISTOL CONHAM VALE CSO 16321,2.20
2020,BRISTOL COOMBE BROOK TANK RIDGEWAY PLAYING FIELDS NR VERA ROAD CSO 19670,5.75
2020,BRISTOL COTHAM BROW O/S NO 137 CSO 16298,26.92
2020,BRISTOL COTHAM HILL / HAMPTON PARK CSO 16299,44.58
2020,BRISTOL CRANBROOK ROAD O/S NO 2 CSO 17501,30.90
2020,BRISTOL CRANBROOK ROAD O/S NO.67 CSO 19567,51.50
2020,BRISTOL DRUID WOOD CSO 16424,11.80
2020,BRISTOL EAST STREET CSO 16269,38.70
2020,BRISTOL EASTVILLE PARK FISHPONDS BROOK CSO 17123,2.67
2020,BRISTOL FACTORY R/O GORDON ROAD CSO 16233,0.00
2020,BRISTOL FEEDER ROAD / BARTON HILL BRIDGE CSO 16195,43.07
2020,BRISTOL FILWOOD ROAD / GOODNESTON ROAD CSO 16222,0.00
2020,BRISTOL FOREST ROAD STORM RETENTION TANK INT 19777,46.42
2020,BRISTOL FORTFIELD ROAD O/S NO 166 CSO 16270,3.08
2020,BRISTOL FRENCHAY PARK ROAD NO 46A CSO 16229,8.87
2020,BRISTOL FRENCHAY PARK ROAD O/S NO 201 CSO 16230,0.00
2020,BRISTOL GLENWOOD ROAD SIDE OF NO 2 WESTBURY ON TRYM CSO 19308,89.57
2020,BRISTOL GLOUCESTER ROAD O/S NO 199 CSO 16304,0.00
2020,BRISTOL GLOUCESTER ROAD/CAMBRIDGE ROAD CSO 19293,9.33
2020,BRISTOL GROVE ROAD NEAR FISHPONDS ROAD CSO 16235,0.00
2020,BRISTOL GROVE ROAD O/S NO 41 CSO 16237,0.08
2020,BRISTOL HAMPTON ROAD / MELVILLE COURT CSO 16306,19.33
2020,BRISTOL HANHAM BEECHWOOD AVENUE CSO 16462,163.63
2020,BRISTOL HANHAM BRITANNIA ROAD TANK INT 19964,20.25
2020,BRISTOL HANHAM CENTRAL AVENUE CSO 16464,5.60
2020,BRISTOL HANHAM FOOTSHILL ROAD CSO 16467,1.00
2020,BRISTOL HANHAM HIGH STREET CSO 16468,0.00
2020,BRISTOL HANHAM LOWER HANHAM ROAD CSO 16469,26.97
2020,BRISTOL HANHAM POLLY BARNES HILL CSO 16470,121.35
2020,BRISTOL HARBURY ROAD / WELLINGTON HILL W CSO 16374,44.10
2020,BRISTOL HARBURY ROAD CSO 10288,0.17
2020,BRISTOL HEADLEY ROAD ALLOTMENTS RETENTION TANK INT 19927,63.00
2020,BRISTOL HENBURY ROAD O/S NO 47 CSO 16376,0.00
2020,BRISTOL HENLEAZE PARK DRIVE JUNCTION OAKWOOD ROAD CSO 19281,0.00
2020,BRISTOL HENLEAZE ROAD JUNCTION WITH HENLEAZE PARK DRIVE CSO 19280,66.93
2020,BRISTOL HENLEAZE ROAD O/S EASTFIELD INN CSO 16379,20.40
2020,BRISTOL HIGH STREET / HENBURY ROAD CSO 16381,100.25
2020,BRISTOL HILLBURN ROAD / AVENING ROAD CSO 16323,28.47
2020,BRISTOL HOLDENHURST ROAD / BROAD ROAD CSO 16335,3.93
2020,BRISTOL HOTWELLS ROAD APPROX NO 100 CSO 16196,5.03
2020,BRISTOL HOTWELLS ROAD EAST CSO 16197,7.10
2020,BRISTOL IRVING CLOSE SEYMOUR ROAD CSO 17224,18.17
2020,BRISTOL KINGSWOOD HILL STREET CSO 16488,0.33
2020,BRISTOL KINGSWOOD NEW CHELTENHAM ROAD NO 170 CSO 16475,78.25
2020,BRISTOL KINGSWOOD ORCHARD ROAD CSO 16489,1.53
2020,BRISTOL KINGSWOOD ORCHARD VALE NEW O/S 42 CSO 19962,61.83
2020,BRISTOL KINGSWOOD WOOD ROAD CSO 16472,28.92
2020,BRISTOL KINGSWOOD WOODSIDE ROAD CSO 16473,0.20
2020,BRISTOL LANDSEER AVENUE O/S NO 50 CSO 16353,2.30
2020,BRISTOL LYPPIATT ROAD O/S NO 29 CSO 16327,0.00
2020,BRISTOL MANOR WOOD OPEN SPACE RETENTION TANK INT 19926,42.53
2020,BRISTOL MARION WALK O/S NO 4 CSO 16329,26.63
2020,BRISTOL MEADOW VALE NO 40 FRONT GARDEN CSO 16330,0.73
2020,BRISTOL MERLIN CLOSE VORTEX CSO 19030,27.00
2020,BRISTOL MINA ROAD O/S NO 212 CSO 16354,91.25
2020,BRISTOL MULLER ROAD R/O HORFIELD UNITED REFORM CHURCH CSO 19977,648.00
2020,BRISTOL MYRTLE ST IN CAR PARK CSO 16279,32.90
2020,BRISTOL NEATH ROAD / WHITEHALL ROAD CSO 16422,3.53
2020,BRISTOL NEW QUEEN ST O/S NO 72 CSO 16334,91.80
2020,BRISTOL NEWCOMBE ROAD O/S NO 11 CSO 16384,40.00
2020,BRISTOL NURSING SCHOOL MARLBOROUGH STREET CSO 16202,0.27
2020,BRISTOL OAKLEY ROAD / FILTON AVENUE NEW CSO 19965,51.25
2020,BRISTOL OAKWOOD ROAD O/S NO 21 CSO 16387,0.17
2020,BRISTOL OLD PARK ROAD O/S NO 45 CSO 16136,4.37
2020,BRISTOL OPPOSITE 83 AIRPORT ROAD CSO 17329,209.50
2020,BRISTOL PARNALLS FACTORY INT 16251,18.17
2020,BRISTOL PORTWAY BRIDGE CSO 16423,1.92
2020,BRISTOL PORTWAY NEAR PLIMSOLL BRIDGE (PUMPED) CSO 16204,307.75
2020,BRISTOL PORTWAY NEAR RAILWAY CSO 16139,234.07
2020,BRISTOL PORTWAY UNDER AVON BRIDGE CSO 16137,124.25
2020,BRISTOL PRINCE STREET ROUNDABOUT CSO 16415,21.43
2020,BRISTOL QUEEN STREET / MEADOW STREET CSO 16138,21.17
2020,BRISTOL QUEEN STREET O/S NO 2 CSO 16336,24.70
2020,BRISTOL ROSE GREEN ROAD CSO 16252,150.67
2020,BRISTOL ROWLANDSON GARDENS NO 24 CSO  16359,5.60
2020,BRISTOL SALISBURY AVE O/S NO 30 CSO 16338,8.07
2020,BRISTOL SCHOOL ROAD O/S NO 112 CSO 16170,1.50
2020,BRISTOL SEA MILLS LANE NR BRIDGE CSO 16392,2.67
2020,BRISTOL SHEPPARD ROAD INTERCEPTOR INT 19960,0.92
2020,BRISTOL SHIREHAMPTON ROAD NO 100 CSO 16394,8.67
2020,BRISTOL SIDCOT CSO 16171,0.60
2020,BRISTOL SOMMERVILLE ROAD / NORTH ROAD CSO 16312,0.00
2020,BRISTOL SPEEDWELL ROAD / VENTNOR ROAD CSO 16341,0.80
2020,BRISTOL SPEEDWELL ROAD O/S NO 34 CSO 16339,0.43
2020,BRISTOL SPRINGFIELD AVENUE O/S NO 5 CSO 16142,8.43
2020,BRISTOL SPRINGFIELD AVENUE O/S NO 7 CSO 16143,4.47
2020,BRISTOL ST ANNES TERR/BRISLINGTON BROOK CSO 16175,17.42
2020,BRISTOL ST GEORGES PARK NORTH 329 CHURCH ROAD CSO 16343,11.33
2020,BRISTOL ST GEORGES PARK SOUTH 28 LYNDALE ROAD CSO 16342,28.42
2020,BRISTOL ST JAMES BARTON CSO 16418,0.00
2020,BRISTOL STAPLETON ROAD / GLENFROME ROAD CSO 16254,2.40
2020,BRISTOL STAPLETON ROAD R/O BLACK SWAN (UNDER FLYOVER) CSO 19782,36.80
2020,BRISTOL STATION ROAD O/S LAMPLIGTERS PUB CSO 16145,11.57
2020,BRISTOL STATION ROAD O/S NO 30 CSO 16144,1.77
2020,BRISTOL STATION ROAD R/O 198 CHELTENHAM ROAD (CUTTERS MILLS CULVERT) CSO 19560,0.00
2020,BRISTOL STOKE LANE O/S NO 122 WESTBURY ON TRYM CSO 16398,91.17
2020,BRISTOL THIRD WAY CSO 16146,87.17
2020,BRISTOL TRYM ROAD O/S NO 41 CSO 16401,47.50
2020,BRISTOL TUGELA ROAD O/S NO 18 CSO 16286,0.23
2020,BRISTOL VALE LANE CSO 16287,0.00
2020,BRISTOL VALLEY ROAD ZIG ZAG PATH BRIDGE CSO 16210,13.07
2020,BRISTOL VICTOR STREET CSO 16207,24.70
2020,BRISTOL VICTORIA ROAD SPS 14581,1.75
2020,BRISTOL WARMLEY MILL LANE AT REAR CSO 16491,1.20
2020,BRISTOL WATLING WAY IN GARDEN NO 27 CSO 16147,0.00
2020,BRISTOL WELLINGTON HILL WEST / BISHOPTHORPE ROAD CSO 16407,140.17
2020,BRISTOL WELLINGTON HILL WEST NO 147 (NO 1) CSO 16403,0.00
2020,BRISTOL WELLINGTON HILL WEST NO 147 (NO 2) CSO 16404,0.00
2020,BRISTOL WELLINGTON HILL WEST NO 158 CSO 16405,158.33
2020,BRISTOL WELLINGTON ROAD PLAYGROUND CSO 16208,2.20
2020,BRISTOL WEST TOWN ROAD SPS 14583,124.25
2020,BRISTOL WESTBURY ROAD / GRANGE COURT ROAD CSO 16410,9.67
2020,BRISTOL WHITBY ROAD B CO-OP DEPOT ARNOS VALE SPS 14502,0.00
2020,BRISTOL WHITBY ROAD NEAR BLOOMFIELD ROAD CSO 16183,0.00
2020,BRISTOL WHITBY ROAD ST ANNES SPS 14501,7.37
2020,BRISTOL WHITEHALL ROAD O/S NO 46 CSO 16209,17.33
2020,BRISTOL WHITEWAY ROAD O/S NO 67 CSO 16347,18.37
2020,BROADMAYNE KNIGHTON LANE (PUMPED) CSO 16818,0.00
2020,BROADMAYNE WEST KNIGHTON ROAD STW 13036,905.30
2020,BROADS GREEN SPS 14152,3633.50
2020,BROADWAY OFF A358 STW 13037,1368.97
2020,BRUTON GANTS MILL LANE STW 13039,205.03
2020,BUCKLAND NEWTON DUNTISH STW 19031,1725.75
2020,BULKINGTON WICKLEAZE SPS 14457,178.17
2020,BURNHAM-ON-SEA ST ANDREWS SCHOOL LOVE LANE CSO 16938,0.00
2020,BURTON BRADSTOCK BURTON SOUTHOVER SPS 14410,2.25
2020,BURTON BRADSTOCK GROVE ROAD CSO 16817,2.80
2020,BURTON STW 13041,199.62
2020,BUTCOMBE STW 13042,971.50
2020,CALNE MARDEN HOUSE CULVERT AT REAR CSO 16585,84.80
2020,CALNE OXFORD ROAD / WOOD STREET CSO 16566,0.17
2020,CALNE QUEMERFORD BRIDGE CSO 16596,222.63
2020,CALNE STRAND / CHURCH STREET CSO 16601,6.77
2020,CALNE STW 13044,112.00
2020,CALNE STW 13044,691.50
2020,CAM VALLEY SPLOT FARM NR PEASEDOWN ST JOHN CSO 19050,0.23
2020,CAMERTON BRIDGE PLACE ROAD MH D19 CSO 16770,10.97
2020,CANFORD MAGNA CANFORD MAIN SPS 15246,11.00
2020,CANNINGTON MARSH LANE CSO 16662,4.53
2020,CANNINGTON STW 13047,529.00
2020,CANNINGTON STW 13047,28.50
2020,CASTLE CARY NEAR DIMMER STW 13048,73.75
2020,CHARD OLD STW BEECHING CL CSO 19292,37.42
2020,CHARD OLD STW BEECHING CL CSO 19292,37.42
2020,CHARFIELD STW 13054,49.00
2020,CHARLTON HORETHORNE MOUNT LANE STW 13055,196.30
2020,CHARMOUTH HEADWORKS/SEA OUTFALL STW 13056,25.25
2020,CHARMOUTH HEADWORKS/SEA OUTFALL STW 13056,178.26
2020,CHARMOUTH NEWLANDS BRIDGE SPS 15699,57.50
2020,CHARMOUTH THE STREET ADJ BENHARH CSO 16819,18.50
2020,CHEDDAR FROGLANDS SPS 14371,106.45
2020,CHEDDAR STW 13057,1318.75
2020,CHEDDAR UNION ST JNC WITH CLIFF ST AND REDCLIFFE ST CSO 19571,247.13
2020,CHEDDON FITZPAINE MAIDENBROOK LANE CSO 16744,n/a
2020,CHEW MAGNA BATTLE LANE CSO 16835,669.25
2020,CHEW MAGNA DUMPERS LANE SPS 14430,461.80
2020,CHEW STOKE BILBIE ROAD SPS 14429,0.00
2020,CHEW STOKE WALLEY COURT ROAD STW 13058,3872.30
2020,CHICKERELL LOWER WAY SPS 15630,9.42
2020,CHIDEOCK MILL LANE STW 13060,1180.50
2020,CHIDEOCK SEATOWN SPS 14413,47.25
2020,CHILCOMPTON STW 13061,88.00
2020,CHILCOMPTON STW 13061,261.40
2020,CHILD OKEFORD GOLD HILL SPS 15193,55.00
2020,CHILTON POLDEN GOOSE LANE O/S COLLINGS CSO 19583,20.83
2020,CHILTON POLDEN MAIN SPS 14648,74.75
2020,CHIPPENHAM BLACKWELL HAMS STW 13064,770.87
2020,CHIPPENHAM BLACKWELL HAMS STW 13064,2.17
2020,CHIPPENHAM COMMONS SLIP CSO 16569,0.00
2020,CHIPPENHAM GASTONS ROAD CSO 16577,243.58
2020,CHIPPENHAM HIGH STREET O/S 6 CSO 16947,85.92
2020,CHIPPENHAM MONKTON PARK OFFICES CSO 16587,25.00
2020,CHIPPENHAM THE IVY CSO 16603,0.00
2020,CHIPPENHAM WESTMEAD SPS 14147,25.25
2020,CHIRTON SMALL STREET SPS 15115,38.25
2020,CHRISTCHURCH STONEY LANE STW 13066,593.53
2020,CHRISTIAN MALFORD CHURCH ROAD SPP 17485,0.00
2020,CHRISTIAN MALFORD SWALLETTS GATE SPS 14139,57.97
2020,CHURCH KNOWLE ANIMAL SANCTUARY SPS  14232,17.17
2020,CLEEVE OLD CLEEVE FARM CSO 16944,0.00
2020,CLEVEDON CLEVEDON MAIN SPS 14495,55.07
2020,CLEVEDON LADYE BAY SPS 15621,66.37
2020,CLEVEDON MARINE PARADE SPS 15622,0.00
2020,CLEVEDON PARNELL ROAD CSO 16827,0.00
2020,CLEVEDON THE BEACH SPS 15606,1.75
2020,CLEVEDON THE BEACH SPS 15606,1.75
2020,COAT CRIPPLE STREET (OLD STW SITE) SPS 14542,204.08
2020,COATE SPANIELS BRIDGE SPS 14047,2963.12
2020,COLEFORD KINGS HEAD CSO 16498,77.08
2020,COLEFORD STW 13069,1723.50
2020,COLEFORD STW 13069,152.50
2020,COLERNE STW 13070,9.75
2020,COLLINGBOURNE DUCIS SPS 14050,798.44
2020,COMBE ST NICHOLAS OFF PUDLEIGH LANE STW 13073,13.00
2020,COMBWICH QUAY ROAD SPS  13074,0.00
2020,COMBWICH QUAY ROAD SPS 13074,131.42
2020,COMPTON BASSETT THE POND SPS 14161,3091.87
2020,COMPTON DANDO TURNBRIDGE SPS 14432,559.75
2020,COMPTON DURVILLE STORM SCREEN CSO 14558,15.58
2020,CORFE CASTLE HALVES COTTAGES SPS  14275,0.00
2020,CORFE CASTLE RED LANE SPS 14263,37.00
2020,CORFE CASTLE STUDLAND ROAD SPS 14276,83.25
2020,CORFE CASTLE WYTCH FARM ROAD STW 13077,386.04
2020,CORFE MULLEN DORCHESTER ROAD STW 13078,490.13
2020,CORFE MULLEN PARDYS HILL SPS 15075,69.08
2020,CORFE MULLEN RUSHCOMBE BOTTOM SPS 15051,74.00
2020,CORSCOMBE OFF FUDGE HILL STW 13079,20.70
2020,CORSTON MILL LANE CSO 19786,359.73
2020,CORSTON NEWTON ST LOE SPS 14428,182.87
2020,COSSINGTON BROOKHAYES CSO 16666,693.33
2020,COWBRIDGE COWBRIDGE SO CSO 16877,273.40
2020,COXLEY MILL LANE SPS 14096,108.25
2020,CRANMORE STW 13083,319.07
2020,CREWKERNE HENHAYES CSO 16671,5.25
2020,CREWKERNE NORTH OLD STW SITE CSO 16999,428.43
2020,CREWKERNE TRADING ESTATE CREWKERNE EAST STW 13084,n/a
2020,CREWKERNE TRADING ESTATE CREWKERNE EAST STW 13084,192.43
2020,CROMHALL JUBILEE LANE SPS 15167,683.64
2020,CROSCOMBE FAYRE WAY / LONG CSO 16499,19.23
2020,CROSCOMBE MANOR HOUSE OPP CSO 16500,6.27
2020,CROWCOMBE STW 13088,1760.17
2020,CURRY RIVEL CURRY RIVEL STORM O/F CSO 16720,19.25
2020,DAUNTSEY THE GREEN SPS 14151,1.50
2020,DEVIZES DUNKIRK HILL SPS 15117,7.17
2020,DEVIZES ROUNDWAY HOSPITAL CSO 16451,40.00
2020,DEVIZES VALLEY SEWER CSO 16455,0.70
2020,DEVIZES WEBBS LANE STW 13090,134.59
2020,DIDMARTON STW 13091,1885.93
2020,DITCHEAT STW 13094,749.50
2020,DONIFORD SPS 13093,0.00
2020,DONYATT OFF A358 STW 13095,98.57
2020,DONYATT SPS 14294,18.00
2020,DORCHESTER KINGS ROAD NO 35 CSO 16795,48.80
2020,DORCHESTER LITTLE BRITTAIN ADJ SCOUT HUT CSO 16799,356.50
2020,DORCHESTER PRINCES BRIDGE CSO 16798,2.50
2020,DORCHESTER VICTORIA ROAD / DAMERS ROAD CSO 16802,0.67
2020,DOWLISH WAKE KINGSTON STW 13098,383.50
2020,DOWLISH WAKE KINGSTON STW 13098,389.17
2020,DOYNTON STW 13100,908.13
2020,DRAYTON DUCKS LANE SPS 15297,0.00
2020,DUNSTER DUNSTER BEACH SPS 14417,0.00
2020,DURWESTON WATER LANE SPS 15201,126.50
2020,EAST BURTON CROSS ROADS SPS 14248,52.17
2020,EAST CHINNOCK STW 13104,1080.60
2020,EAST COKER MOOR LANE CSO  16697,184.73
2020,EAST HARPTREE STW 13106,3684.07
2020,EAST KNIGHTON BLACKNOLL SPS 14222,46.50
2020,EASTERTON MANOR HOUSE CSO 16448,15.23
2020,EDINGTON BROADMEAD LANE (SOM) SPS 14585,1736.11
2020,EVERCREECH STONEY STRATTON SPS 14076,18.75
2020,EVERCREECH STW 13118,319.97
2020,EVERSHOT COMMON CSO 16816,132.93
2020,EVERSHOT OFF EAST HILL STW 13120,565.25
2020,EYPE MOUNT LANE SPS 15674,1.00
2020,FARMBOROUGH STW 13121,809.75
2020,FERNDOWN A31 TRICKETTS CROSS SPS 15078,19.03
2020,FERNDOWN ALDRIDGE ROAD SPS 15091,19.17
2020,FERNDOWN AMEYSFORD ROAD SPS 15072,69.92
2020,FERNDOWN DUGDELL CLOSE SPS 15080,0.00
2020,FERNDOWN REDWOOD DRIVE SPS 15047,0.00
2020,FERNDOWN THAMES CLOSE SPS 15057,0.27
2020,FIDDINGTON SPS 14379,154.75
2020,FILTON STOKE BROOK CSO 19975,0.50
2020,FIVEHEAD STW 13125,740.00
2020,FORDINGBRIDGE FROG LANE STW 13128,6.43
2020,FORDINGBRIDGE SALISBURY STREET CSO 17212,1338.90
2020,FORDINGTON HIGH STREET NO 16 CSO 16793,36.65
2020,FORDINGTON HIGH STREET NO 97 CSO 16794,0.00
2020,FOVANT STW 13129,1786.50
2020,FRAMPTON COTTERELL CLYDE ROAD BRICKENHILL PERSONAGE BRIDGE (SE) CSO 16557,104.67
2020,FRAMPTON COTTERELL RECTORY ROAD O/S 54 PARSONAGE BRIDGE (NW) CSO 16558,214.83
2020,FRAMPTON COTTERELL ST PETERS CHURCH (NW) CHURCH ROAD CSO 16556,530.12
2020,FRAMPTON COTTERELL ST PETERS CHURCH (SE) BRIDGE WAY CSO 16555,70.75
2020,FRAMPTON COTTERELL WEST END NIGHTINGALES BRIDGE CSO 16562,443.30
2020,FRESHFORD FIELDS OFF ROSEMARY LANE CSO 17390,152.73
2020,FRESHFORD NEW INN SPS 14452,13.92
2020,FRESHFORD STW 13130,167.92
2020,FROME ADDERWELL CLOSE CSO 16509,125.57
2020,FROME COURT HOUSE KING STREET CSO 16508,11.77
2020,FROME COURTS BARTON MARSTON LANE SPS 14563,0.00
2020,FROME FARRANT ROAD NEAR YOUTH CENTRE CSO 16501,16.00
2020,FROME FELTHAM DRIVE NEAR FOOTBRIDGE CSO 16503,4.00
2020,FROME LOWER KEYFORD CSO 16502,216.17
2020,FROME MERCHANTS BARTON CSO 16504,5.70
2020,FROME NORTH OF CARPET FACTORY NEAR RAILWAY JUNCTION CSO 16511,1.30
2020,FROME RODDEN ROAD CSO 16513,54.43
2020,FROME SINGERS CATTLE MARKET CSO 16505,3.17
2020,FROME WALLBRIDGE CSO 16512,2.60
2020,FROME WELSHMILL LANE STW 13131,80.20
2020,FROME WELSHMILL LANE STW 13131,0.00
2020,FROME WESTWAY PRECINCT CAR PARK R/O CSO 16507,121.87
2020,FROME WHATCOMBE ROAD NO 20 CSO 16506,21.87
2020,GILLINGHAM BUCKINGHAM ROAD SPS 14125,30.25
2020,GILLINGHAM COMMON MEAD LANE STW 13132,825.97
2020,GLASTONBURY ACTIS SPS 14084,66.47
2020,GLASTONBURY EDGARLEY MILLFIELD SCHOOL SPS 14114,31.17
2020,GLASTONBURY NORTH LOAD BRIDGE SPS 14075,142.25
2020,GLASTONBURY PARK FARM ROAD WIRRAL PARK CSO 16514,0.40
2020,GLASTONBURY PORCHESTALL SPS 14095,177.10
2020,GLASTONBURY THE BECKERY STW 13134,856.00
2020,GLASTONBURY WELLS ROAD SPS 14092,20.00
2020,GREAT BADMINTON STW 13136,4524.45
2020,GREAT HINTON SPS 14469,91.87
2020,GREINTON MOOR DRIVE SPS 14386,7.63
2020,GURNEY SLADE SPS 14116,565.50
2020,HALLATROW SPS 14427,66.50
2020,HALSTOCK WATERY LANE STW 13140,2811.50
2020,HANGING LANGFORD SPS 14328,1540.77
2020,HANHAM ANSTEYS ROAD CSO 17336,12.00
2020,HANKERTON HANKERTON BRIDGE SPS 14202,1018.71
2020,HARDINGTON MANDEVILLE WIMBOROUGH LANE STW 13142,866.25
2020,HARMANS CROSS STW  13143,142.10
2020,HASELBURY PLUCKNETT NEW LANE STW 13144,1479.00
2020,HATCH BEAUCHAMP PALMER GREEN STW 13145,490.27
2020,HATCH BEAUCHAMP PALMERS GREEN CSO 16748,14.27
2020,HAWKWELL HAWKWELL SO CSO 16879,285.10
2020,HENSTRIDGE MARSH LANE (HENSTRIDGE NO 2) SPS 15290,68.69
2020,HIGHBRIDGE NEWTON SPS 14374,24.78
2020,HIGHBRIDGE NEWTON SPS 14374,0.00
2020,HINDON STW 13149,97.97
2020,HINDON THE DENE SPS 14346,677.25
2020,HINTON BLEWETT STW 13150,171.60
2020,HINTON ST GEORGE SPS 14287,40.60
2020,HOLDENHURST RIVERSIDE AVENUE STW 13152,114.66
2020,HOLT THE STAR SPS 14467,465.89
2020,HOLTON HEATH HOLTON HEATH SEWAGE PUMPING STATION SPS 13153,0.00
2020,HORTON HORTON FARM SPS 14058,350.04
2020,HUISH EPISCOPI PIBSBURY SPS 15313,981.75
2020,HUISH EPISCOPI WAGG BRIDGE SPS 15315,8.58
2020,HUISH EPISCOPI WAGG DROVE SPS 15284,0.00
2020,HULLAVINGTON RAF STATION SPS 14158,39.25
2020,HULLAVINGTON STW 13157,2651.10
2020,HULLAVINGTON STW 13157,0.00
2020,HURDCOTT SPS 14317,209.25
2020,HURDCOTT STW 13158,3463.75
2020,IDMISTON SPS 14302,0.00
2020,ILCHESTER ILCHESTER MAIN SPS 14289,0.92
2020,ILCHESTER PILL BRIDGE LANE STW 13160,136.30
2020,ILMINSTER ASHWELL STW 13161,645.75
2020,ILMINSTER BREWERY LANE CSO 16673,78.11
2020,ILMINSTER LORD NELSON SPS 15327,50.67
2020,ILMINSTER STATION ROAD NO 37 CSO 16674,0.50
2020,ILTON ASHFORD FARM (NEAR) STW 13162,284.75
2020,ILTON FROST LANE SPS 15627,635.25
2020,IWERNE MINSTER STW 13163,3086.50
2020,KEYNSHAM CHARLTON ROAD O/S 138 CSO 16784,13.25
2020,KEYNSHAM KEYNSHAM HIGH LEVEL SPS 15542,181.42
2020,KEYNSHAM KEYNSHAM LOW LEVEL SPS 15548,75.00
2020,KEYNSHAM ST LADOC / BRISTOL ROAD CSO 16763,11.50
2020,KEYNSHAM STW 13165,932.97
2020,KEYNSHAM THE HAMS SPS 15541,83.77
2020,KILMERSDON SPS 14102,216.29
2020,KILVE BEACH CAR PARK STW 13168,1383.25
2020,KIMMERIDGE SPS 19725,18.50
2020,KINGS STAG STW 13169,212.25
2020,KINGSBURY EPISCOPI SPS 19035,116.25
2020,KINGSWOOD STATION ROAD STORM TANK SPS 17268,97.75
2020,KINGSWOOD WILLSBRIDGE SPS 14064,0.00
2020,KINGTON LANGLEY SPS 14176,667.00
2020,KINSON NEW ROAD NORTHBOURNE STW 13172,166.82
2020,LACOCK NETHERCOTE HILL SPS 14550,45.78
2020,LANGFORD BLACKMOOR ROAD SPS 15580,353.50
2020,LANGPORT SOMERTON ROAD CSO 16709,7.20
2020,LANGTON HERRING OFF LOWER FARM STW  13176,22.75
2020,LAVINGTON WOODBRIDGE STW 13177,84.68
2020,LEA LEA NORTH SPS 14200,772.75
2020,LEIGH FRAMPTON FARM SPS 15469,133.28
2020,LEIGH ON MENDIP STW 13178,414.63
2020,LITTLETON PANELL RUSSELL MILL LANE CSO 16453,3.43
2020,LITTON CHENEY CHICKSBRIDGE SPS 14415,3399.75
2020,LOCKING LOCKING VILLAGE SPS 15572,0.00
2020,LONG DEAN STW 13180,744.72
2020,LONG SUTTON BACK STREET CSO 16693,1246.17
2020,LONG SUTTON BENNETTS ORCHARD SPS 15278,1341.33
2020,LONGBRIDGE FOSSE WAY STW 13181,224.22
2020,LONGBRIDGE FOSSE WAY STW 13181,224.22
2020,LOPEN SPS 14286,196.17
2020,LOWER STANTON ST QUINTIN SPS 14188,709.83
2020,LUCKINGTON STW 13184,241.17
2020,LYDLINCH STW 13188,409.00
2020,LYNEHAM B SITE (MAIN STW) RAF LYNEHAM STW 13522,539.25
2020,LYTCHETT MATRAVERS BULBURY LANE SPS 14220,982.55
2020,LYTCHETT MINSTER LYTCHETT BAY STW 13190,263.00
2020,MAIDEN BRADLEY STW ADJ TO CSO 16657,1.17
2020,MAIDEN NEWTON DORCHESTER ROAD STW 13192,2182.93
2020,MALMESBURY BURTON HILL SPS 14162,11.80
2020,MALMESBURY DARK LANE / 8 FOXLEY LANE CSO 16574,8.67
2020,MALMESBURY GLOUCESTER ROAD O/S 109 CSO 19883,3.80
2020,MALMESBURY HARPERS LANE CSO 16579,0.93
2020,MALMESBURY LOWER HIGH STREET CSO 16583,46.73
2020,MALMESBURY NOAHS ARK SPS 14196,12.80
2020,MALMESBURY PARK ROAD CSO 16594,0.20
2020,MALMESBURY ST JOHNS STREET SPS 14185,0.00
2020,MALMESBURY STW 13193,712.25
2020,MALMESBURY TANNERS BRIDGE SPS 14145,22.83
2020,MARNHULL COMMON STW 13199,1770.89
2020,MARNHULL SODOM LANE SPS 15200,230.00
2020,MARSHFIELD STW 13200,29.00
2020,MARSTON MAGNA CHURCH LANE SPS 14288,937.69
2020,MARTINSTOWN B3159 SPS 15497,2257.28
2020,MARTOCK CHURCH HOUSE WATER STREET CSO 16680,0.00
2020,MARTOCK HURST BOW STW 13201,22.35
2020,MARTOCK HURST BOW STW 13201,658.97
2020,MARTOCK HURST NO 22 CSO 16681,4.00
2020,MEARE GREEN STOKE ST GREGORY SPS 15460,2.67
2020,MEARE GREEN WRANTAGE SPS 15449,1321.07
2020,MELKSHAM BATH ROAD OFF ROAD F/O SCOUT HALL CSO 16916,366.75
2020,MELKSHAM SEMINGTON ROAD O/S POLICE STATION CSO 19717,297.75
2020,MELKSHAM SHAW C OF E SCHOOL PLAYING FIELD CSO 16909,543.36
2020,MELLS SPS 14108,27.00
2020,MELLS STW 13205,366.40
2020,MERE ROOK STREET STW 13207,329.63
2020,MERE SHAFTESBURY ROAD CSO 16652,173.60
2020,MERE STW ADJ TO CSO 16651,45.67
2020,MERRIOTT B3165 STW 13208,364.20
2020,MERRIOTT B3165 STW 13208,158.50
2020,MIDDLEZOY NETHERMOOR ROAD SPS 15402,69.00
2020,MIDFORD ADJ ABANDONED RAILWAY CSO 16788,3.47
2020,MIDSOMER NORTON BERKELEY AVENUE SO CSO 16768,195.23
2020,MIDSOMER NORTON NORTHMEAD ROAD/ HAYES PARK ROAD CSO 19985,52.23
2020,MIDSOMER NORTON STORM RETENTION TANK (OLD STW) INT 16774,139.83
2020,MIDSOMER NORTON WELTON SO CSO 16773,0.57
2020,MILBORNE ST ANDREW MANOR FARM SPS 15190,5.25
2020,MILBORNE ST ANDREW STW 13212,262.00
2020,MILVERTON STW 13214,368.25
2020,MINEHEAD BLENHEIM ROAD O/S COASTGUARD COTTAGES CSO 16894,29.00
2020,MINEHEAD GREEN SPOT CSO 16895,0.00
2020,MINEHEAD HEADWORKS STW 13215,524.00
2020,MINEHEAD QUAY WEST SPS 14420,1.00
2020,MINETY STATION ROAD SPS 14142,1366.42
2020,MONKSILVER B3188 SPS 15511,118.25
2020,MONKTON COMBE MILL LANE CSO 16790,83.47
2020,MONKTON COMBE SUMMER LANE CSO 16789,15.75
2020,MONKTON DEVERILL HINDON ROAD STW 17258,0.00
2020,MONTACUTE NR OLD STW CSO 19613,1471.83
2020,MORDEN COCK AND BOTTLE SPS 14243,0.00
2020,MUDEFORD MUDEFORD GARDENS SPS 15043,0.00
2020,MUDFORD TRENT VIEW IN F/G (A359) CSO 19575,0.00
2020,NETHER STOWEY STW 13219,128.00
2020,NEW ROAD FERNDOWN INT 12326,27.75
2020,NORTH CADBURY RIDGEWAY LANE STW 13221,1110.00
2020,NORTH CURRY MAIN SPS 15440,42.50
2020,NORTH CURRY QUEENS SQUARE CSO 16749,0.00
2020,NORTH CURRY WINDMILL HILL CSO 16750,2.97
2020,NORTH NEWNTON SPS 15100,492.20
2020,NORTH NEWTON CHURCH ROAD SPS 14380,9.25
2020,NORTH NIBLEY STW 13222,9.40
2020,NORTH PERROTT OLD STW SITE CSO 16705,432.50
2020,NORTH PETHERTON STW 13223,243.03
2020,NORTON FITZWARREN LANGFORD LANE SPS 15450,2405.83
2020,NORTON SUB HAMDON SPS 15317,385.25
2020,NUNNEY MARKET PLACE SOUTH END CSO 16523,0.27
2020,NUNNEY STW 13227,1479.00
2020,OAKHILL STW 13229,11.00
2020,OLD CLEEVE BYE FARM NEW SO CSO 17002,1360.50
2020,OTHERY RYE LANE/ SUMMERHEDGE ROAD SPS 15388,24.13
2020,PALMERSFORD STW 13232,35.04
2020,PARBROOK STW 13233,13.73
2020,PATNEY PATNEY WEIR SPS 15101,15.50
2020,PAULTON GOOSARD BRIDGE SPS 14426,299.67
2020,PAULTON PAULTON WORKS OFF BRISTOL ROAD CSO 16786,75.23
2020,PAULTON STW 13235,2901.58
2020,PAWLETT MAIN ROAD SPS 15389,70.50
2020,PAWLETT VICARAGE LANE SPS 15378,0.08
2020,PEDWELL SPS 14375,26.87
2020,PENSELWOOD PENN MILL SPS 15333,0.25
2020,PEWSEY SALISBURY ROAD STW 13237,33.92
2020,PEWSEY SWAN SPS 14046,0.00
2020,PIDDLETRENTHIDE ACROSS RIVER FROM RIVENDELL (CSO4) CSO 17637,1248.85
2020,PIDDLETRENTHIDE R/O TRENT HOUSE (CSO6) CSO 17638,972.92
2020,PILL AVON ROAD SPS 15645,261.25
2020,PILTON STW 13239,666.75
2020,PITNEY SPS 15322,850.50
2020,POOLE BLANDFORD ROAD SPS 15269,0.00
2020,POOLE BRANKSOME CHINE SPS 15240,45.42
2020,POOLE CABOT LANE STW 13242,111.81
2020,POOLE CABOT LANE STW 13242,5.68
2020,POOLE CREEKMOOR LANE SPS 15270,0.00
2020,POOLE EAST QUAY PERRY GARDENS SPS 15383,0.00
2020,POOLE EGMONT ROAD SPS 15252,0.00
2020,POOLE ELGIN ROAD SPS 15244,6.25
2020,POOLE ESPLANADE STERTE SPS 15260,0.00
2020,POOLE FAIRVIEW ROAD SPS 15253,7.23
2020,POOLE HEWITT ROAD SPS 15275,5.33
2020,POOLE KENNART ROAD SPS 15230,35.33
2020,POOLE MAGNA ROAD SPS 15237,0.75
2020,POOLE MERLEY LANE MERLEY SPS 15266,0.00
2020,POOLE POOLE BRIDGE POOLE QUAY SPS 15257,6.57
2020,POOLE POOLE PARK ATTENUATION TANK INT 19529,11.00
2020,POOLE POOLE PARK SPS 15239,6.08
2020,POOLE RECTORY / ASHMORE AVENUE SPS 15247,0.00
2020,POOLE ROCKLEY ROAD SPS 15228,3.50
2020,POOLE SALTERNS WAY SPS 15232,27.97
2020,POOLE SANDBANKS PAVILION SPS 15231,9.00
2020,POOLE SHORE ROAD SPS 15235,83.00
2020,POOLE STANLEY GREEN ROAD CSO 16613,276.50
2020,POOLE STERTE F W SPS 15642,0.00
2020,POOLE TURLIN MAIN BLANDFORD ROAD TURLIN MOOR SPS 15273,0.00
2020,POOLE TURLIN MAIN BLANDFORD ROAD TURLIN MOOR SPS 15273,0.00
2020,POOLE WHITECLIFF RECREATION GROUND SPS 15229,171.77
2020,POOLE WILLIS WAY SPS 15258,0.00
2020,POOLE WOOD LANE SPS 15277,63.50
2020,POOLE WOODLANDS AVE/HINCHLIFFE ROAD O/F CSO 19584,32.93
2020,PORLOCK PORLOCK SO CSO 16889,4.33
2020,PORLOCK PORLOCK WEIR SPS 13373,0.00
2020,PORLOCK SPARKHAYES LANE STW 13515,855.00
2020,PORTBURY WHARF THE DROVE PORTBURY STW 13243,3047.75
2020,PORTISHEAD BLACK NORE (NAUTICAL SCHOOL) SPS 15680,123.08
2020,PORTISHEAD BRAMPTON WAY CSO 19123,0.10
2020,PORTISHEAD COOMBE/SLADE ROAD JUNCTION CSO 19122,15.93
2020,PORTISHEAD HILLSIDE ROAD REDCLIFF BAY CSO 16831,87.37
2020,PORTISHEAD LAKE GROUNDS SPS 15726,231.50
2020,PORTISHEAD PORTBURY DITCH OFF HARBOUR RD CSO 16838,138.25
2020,PORTISHEAD SLADE ROAD O/S 47 CSO 19121,85.87
2020,PORTISHEAD TOWN HARBOUR ROAD SPS 14621,19.06
2020,PORTLAND HIGH STREET CSO 16866,2.37
2020,PORTLAND PENNSYLVANIA ROAD SPS 15559,0.00
2020,PORTLAND PORTLAND BILL SPS 15648,109.83
2020,PORTLAND RAILWAY GRAVITY SEWER CSO 16867,0.40
2020,PORTLAND SOUTHWELL SPS 15673,7.75
2020,PORTLAND VICTORIA SQUARE SPS 15553,0.71
2020,PORTLAND WESTON STREET NEW CSO 17029,3.30
2020,POTTERNE STW 13244,414.33
2020,POTTERNE WICK SPS 15129,0.00
2020,POULSHOT TOWNSEND SPS 15106,191.75
2020,POYNTINGTON NEAR HILLSIDE FARM STW 13246,810.03
2020,PUCKLECHURCH FELTHAM ROAD CSO 16559,127.25
2020,PUCKLECHURCH STW 13248,586.75
2020,PUNCKNOWLE NEXT TO GULLY KNAP FARM STW 13250,126.34
2020,PURITON DOWNEND TERRACE SPS 17175,0.00
2020,QUEEN CAMEL ENGLANDS MEAD GREEN LANE SPS 14293,0.03
2020,QUEEN CAMEL MILDMAY PLACE IN THE REAR GARDEN OF MILDMAY ORCHARD CSO 16707,47.13
2020,RADSTOCK FROME ROAD/MILL LANE SO CSO 16764,1.25
2020,RADSTOCK KILMERSDON ROAD SYPHON EO CSO 16769,15.03
2020,RADSTOCK MILL LANE STW 13252,401.27
2020,RADSTOCK MILL LANE STW 13252,191.00
2020,RADSTOCK SOMERVALE ROAD REAR KHANDALLA WELTON ROAD CSO 16778,31.80
2020,RADSTOCK WALEGRAVE TERRACE OPP 9 CSO 17392,0.00
2020,RADSTOCK WATERLOO ROAD BUILDERS YARD CSO 17350,0.00
2020,RADSTOCK WATERLOO ROAD/PINE COURT CSO 17286,53.27
2020,RADSTOCK WATERSIDE SO CSO 16765,193.83
2020,RINGSTEAD RINGSTEAD BAY STW 17062,1.25
2020,RODE BARROW FARM TANK INT 16546,33.10
2020,RODE STW 13256,592.25
2020,ROWDE STW 13257,38.97
2020,ROWDE TOWER VIEW SPS 14059,97.83
2020,ROYAL WOOTTON BASSETT NEAR STW CSO 16589,45.73
2020,ROYAL WOOTTON BASSETT STW 13360,351.92
2020,SAINT ALDHELMS BARTON BRIDGE BARTON FARM (175M DS) CSO 16922,0.00
2020,SALISBURY CHURCHILL GARDENS NEAR COLLEGE CSO 16641,0.00
2020,SALISBURY ENDLESS LANE/SCOTS LANE CSO 16643,16.75
2020,SALTFORD MEAD LANE SPS 14624,36.08
2020,SALTFORD MEAD LANE STW 13016,1707.00
2020,SALTFORD O/S 46 HIGH STREET CSO 16760,68.00
2020,SALTFORD SALTFORD HILL CSO 16762,150.07
2020,SAMPFORD BRETT SAMPFORD BRETT SO CSO 16890,190.53
2020,SANDFORD ORCAS SPS 19817,1.75
2020,SANDFORD ORCAS STW 17081,125.50
2020,SANDHILL PARK STW 13260,199.25
2020,SEEND BELL INN / BELL HILL SPS 15123,0.00
2020,SEEND STW 13262,994.00
2020,SEMINGTON SEMINGTON BROOK SPS 14466,142.75
2020,SHAFTESBURY GEARS MILL STW 13264,21.40
2020,SHAFTESBURY GEARS MILL STW 13264,26.28
2020,SHAFTESBURY HOLLYROOD FARM CSO  16551,11.23
2020,SHAFTESBURY LONG CROSS SPS 15207,170.25
2020,SHAPWICK SOMERSET SPS 13265,622.90
2020,SHEPTON BEAUCHAMP SPS 15331,77.25
2020,SHEPTON MALLET CATS ASH/COWL STREET CSO 16526,7.90
2020,SHEPTON MALLET DARSHILL STW 13267,489.25
2020,SHEPTON MALLET SUNNY MOUNT/HAM LANE CSO 16527,21.53
2020,SHERBORNE JUNCTION HOUND STREET AND CHEAP STREET CSO 10375,4.53
2020,SHERBORNE LUDBORNE ROAD / SOUTH STREET CSO 16807,8.27
2020,SHERBORNE NEWLANDS/THE AVENUE CSO 16808,2.57
2020,SHERBORNE WEST MILL LANE STW 13268,46.00
2020,SHERBORNE WEST MILL LANE STW 13268,132.75
2020,SHERSTON STW 13269,176.00
2020,SHERSTON THE TARTARS CSO 16604,41.17
2020,SHIREHAMPTON LAMPLIGHTERS SPS 14507,11.57
2020,SHOSCOMBE STW 13274,677.62
2020,SHREWTON STW 13275,4755.75
2020,SHROTON SPS 14126,331.75
2020,SOUTH PERROTT NEAR PIPPLEPEN FARM STW 13280,956.47
2020,SOUTHBOURNE HENGISTBURY HEAD SPS 15013,66.75
2020,SOUTHWICK CHANTRY GARDENS SPS 14459,90.25
2020,SPARKFORD OFF SPARKFORD HILL LANE STW 13282,509.50
2020,SPAXTON SPS 13283,120.25
2020,SPETISBURY CRAWFORD BRIDGE SPS 15209,0.17
2020,ST LEONARDS CRAIGSIDE ROAD SPS 15071,18.89
2020,ST LEONARDS ROWAN CLOSE NEW CSO 19955,116.00
2020,ST LEONARDS WAYSIDE ROAD NO 1 SPS 15068,0.10
2020,STALBRIDGE SPS 14301,337.00
2020,STANTON DREW STW 13286,830.67
2020,STAWELL FORD LANE SPS 15397,9.83
2020,STOBOROUGH KINGS ARMS SPS 14216,36.67
2020,STOBOROUGH RIDGE SPS 14255,0.00
2020,STOGURSEY CHURCH ST NR 5-7 CSO 17378,1.60
2020,STOGURSEY STW 13288,0.00
2020,STOKE GIFFORD NEW ROAD ALONG SIDE NO 177 CSO  19173,0.00
2020,STOKE ST GREGORY CURLOAD SPS 15458,0.00
2020,STOKE ST GREGORY NO 1 LANE END SPS 14391,0.25
2020,STOKE ST GREGORY STW 13290,350.00
2020,STOKE ST GREGORY WOODHILL SPS 15461,7.25
2020,STOKE ST MICHAEL STOKE HILL SPS 14110,352.17
2020,STOKE SUB HAMDON NORTH STREET O/S NO 50 CSO 16679,5.43
2020,STOKE SUB HAMDON QUEENS CRESCENT R/O (OS 5300) CSO 16710,21.07
2020,STON EASTON HOME FARM SO CSO 16779,41.43
2020,STON EASTON WELLOW BROOK IN FIELD NEAR BY CSO 16302,83.17
2020,STREET FARM LANE CSO 16308,18.83
2020,STREET FORD STREAM ROAD CSO 17504,23.75
2020,STREET HOUNDWOOD DROVE SPS 14069,13.25
2020,STREET MAIN SPS 14082,117.67
2020,STUDLAND COOMBE SPS 14252,22.00
2020,STUDLAND WADMORE LANE SPS 14227,5.33
2020,STUDLAND WATERY LANE SPS 14261,36.67
2020,STURMINSTER NEWTON BULL INN CSO  16552,40.73
2020,STURMINSTER NEWTON THE BRIDGE SPS 15196,69.27
2020,SUTTON MALLET SPS 15394,104.25
2020,SWANAGE DURLSTON ROAD SPS 14244,158.00
2020,SWANAGE HERSTON CROSS ATTENUATION TANK INT 19947,5.23
2020,SWANAGE HIGH ST/SEYMOUR RD CSO 16948,24.08
2020,SWANAGE MARINE PARADE STW 19541,122.27
2020,SWANAGE MARINE PARADE STW 19541,3.20
2020,SWANAGE MARINE PARADE STW 19541,1.80
2020,SWANAGE SHORE ROAD O/S NURSING HOME INT 19207,28.75
2020,SYDLING ST NICHOLAS NEAR HUISH FARM STW 13303,3121.07
2020,SYDLING ST NICHOLAS SPS 14411,431.71
2020,SYMONDSBURY WEST ROAD FOUNDRY SPS 15505,267.37
2020,TAUNTON BRIDGWATER ROAD O/S 75 CSO 17318,0.00
2020,TAUNTON MAIDENBROOK SPS 14632,0.00
2020,TAUNTON MARKET CSO 17338,9.23
2020,TAUNTON MOUNTWAY BISHOPS HULL SPS 15447,65.05
2020,TAUNTON PRIORY STORM CSO 13240,559.76
2020,TAUNTON PRIORY STORM TANKS SPS 14389,389.52
2020,TAUNTON STOKE ROAD O/S 15 CSO 17383,0.00
2020,TAUNTON WILTON ORCHARD CAR PARK CSO 17370,0.00
2020,TEMPLE CLOUD TEMPLE BRIDGE SPS 15544,265.58
2020,TEMPLECOMBE ROYAL HOTEL CSO 16708,11.10
2020,TEMPLECOMBE SLADES HILL SPS 15339,3.25
2020,TETBURY STW 13307,1222.25
2020,TETBURY STW 13307,502.17
2020,THINGLEY COPPERSHELL LANE STW 13308,408.25
2020,THINGLEY COPPERSHELL LANE STW 13308,5.20
2020,TILSHEAD CAMP ROAD SPS 14311,2131.67
2020,TINTINHULL ASH BEARLEY LANE STW 13312,275.75
2020,TISBURY NADDER CLOSE PLAYING FIELDS CSO 16655,33.03
2020,TOLLER PORCORUM TOLLER LANE STW 13316,261.90
2020,TROWBRIDGE BRADFORD ROAD STW 13318,186.08
2020,TROWBRIDGE CANAL ROAD CSO 16900,237.67
2020,TROWBRIDGE ROSECROFT POLEBARN ROAD CSO 12773,n/a
2020,TROWBRIDGE STALLARD STREET O/S 58 CSO 16935,0.00
2020,TROWBRIDGE THE SHIRES MULTI-STOREY CAR PARK/BASEMENT CSO 16934,0.00
2020,TRUDOXHILL SPS 14113,509.22
2020,TRULL EASTBROOK ROAD CSO 16730,65.13
2020,UBLEY FROG LANE STW 13319,2326.00
2020,UPPER MINETY FLISTERIDGE SPS 14199,248.00
2020,UPTON MOORLANDS WAY SPS 14265,175.00
2020,UPTON NR LANGPORT SPS 15314,185.75
2020,UPTON SANDY LANE SPS 14219,166.50
2020,UPTON UPTON BRIDGE COTTAGE O/S CSO 16711,159.93
2020,URCHFONT STW 13322,93.70
2020,VERWOOD EBBLAKE SPS 15052,249.13
2020,VERWOOD POTTERNE WAY SPS 15084,421.67
2020,WAREHAM ABBOTTS QUAY CSO 16632,7.75
2020,WAREHAM KEYSWORTH DRIVE STW 13324,405.35
2020,WAREHAM SANDFORD LANE SPS 14266,0.00
2020,WAREHAM SOUTH EAST SPS 14259,13.58
2020,WAREHAM WEST MILL CRESCENT SPS 14229,69.13
2020,WARMINSTER CALVESWATER SPS 14439,36.08
2020,WARMINSTER GEORGE ST INT 19999,14.37
2020,WARMINSTER STW 13325,392.65
2020,WARMINSTER WEYMOUTH STREET R/O 23 CSO 17394,86.25
2020,WARMINSTER WEYMOUTH STREET R/O 23 IN PLEASURE GARDENS NEAR SWIMMING POOL CSO 16914,86.25
2020,WATCHET MARKET ST CSO 19697,15.92
2020,WATCHET MARKET STREET (TUNNEL) SPS 15519,216.75
2020,WATCHET MILL STREET SO CSO 16886,115.57
2020,WATCHET STW 19705,1300.50
2020,WEDMORE STW 13329,108.33
2020,WELLINGTON MITCHELLS POOL SPS 14394,288.50
2020,WELLINGTON RELYON FACTORY ENTRANCE CSO 16738,0.33
2020,WELLOW MILL HILL SPS 15536,0.50
2020,WELLOW STW 13331,46.75
2020,WELLS PRIORY HOSPITAL IN THE REAR GARDEN NEAR WEIR CSO 16543,15.97
2020,WEMBDON COMMON SPS  15381,23.33
2020,WEST BEXINGTON SPS 15486,691.42
2020,WEST BUCKLAND SPS 14392,170.25
2020,WEST CAMEL SPS 14291,1112.37
2020,WEST HUNTSPILL SLOWAY LANE SPS 14372,13.17
2020,WEST LAVINGTON CHURCHILL ARMS NEW CSO 19984,1.03
2020,WEST LULWORTH HAMBURY FARM SPS 13337,51.19
2020,WEST LULWORTH LULWORTH OUTFALL PS SPS 14588,595.75
2020,WEST MILTON STW 13381,53.37
2020,WEST MOORS PENNINGTON COPSE SPS 15060,42.58
2020,WEST PENNARD HAVYATT SPS 14083,384.25
2020,WESTBURY ALFRED ST CONSERVATIVE CLUB CSO 16901,0.53
2020,WESTBURY FROGMORE ROAD OPP 67 CSO 19297,22.33
2020,WESTBURY WEST END O/S 36 CSO 16904,0.43
2020,WESTON-SUPER-MARE BLACK ROCK WINDWHISTLE ROAD SPS 13340,120.07
2020,WESTON-SUPER-MARE GREENFIELD PLACE O/S 15 CSO 17552,0.00
2020,WESTON-SUPER-MARE KNIGHTSTONE ROAD SPS 15792,0.00
2020,WESTONZOYLAND BROADSTONE CSO 16665,2.10
2020,WESTONZOYLAND LAKEWALL ROAD SPS 15370,0.00
2020,WESTWOOD STW 13341,569.25
2020,WEYMOUTH CASTLE COVE OLD CASTLE ROAD WYKE REGIS SPS 19056,0.00
2020,WEYMOUTH CHICKERELL ROAD BOYS CLUB CSO 16847,2.80
2020,WEYMOUTH CHICKERELL ROAD CSO 16848,8.23
2020,WEYMOUTH CHICKERELL ROAD O/S ALLOTMENTS NEAR THE ADMIRAL HARDY CSO 19534,15.70
2020,WEYMOUTH CHICKERELL/CHAFFEYS ATTENUATION TANK RADIPOLE INT 19151,23.50
2020,WEYMOUTH CORONATION CRES 0/S NO.3 CSO 19784,0.08
2020,WEYMOUTH CRANFORD AVENUE CSO 16849,3.13
2020,WEYMOUTH FERRYBRIDGE PORTLAND ROAD SPS 15561,0.00
2020,WEYMOUTH GRASMERE ROAD CSO 16852,0.25
2020,WEYMOUTH KNIGHTSDALE ROAD ATTENUATION TANK INT 19727,18.00
2020,WEYMOUTH LONGCROFT ROAD / QUEENSLAND ROAD CSO 16853,1.83
2020,WEYMOUTH MARLOW ROAD CSO 16854,0.00
2020,WEYMOUTH MELCOMBE AVENUE CSO 16855,2.90
2020,WEYMOUTH PRESTON FISHERBRIDGE ESTATE SPS 15551,15.24
2020,WEYMOUTH RADIPOLE SPS 15556,0.00
2020,WEYMOUTH RODWELL AVENUE CSO 16857,31.25
2020,WEYMOUTH SPA ROAD/ ROMAN ROAD AND QUEENS ROAD JCT. CSO 19792,0.00
2020,WEYMOUTH SPRING LANE CSO 16861,17.33
2020,WEYMOUTH SPRING ROAD NR JUNC WITH MOUNT STREET CSO 19557,0.00
2020,WEYMOUTH STW 13342,377.69
2020,WEYMOUTH ULLSWATER CRESCENT CSO 16862,0.17
2020,WEYMOUTH WARDCLIFFE ROAD CSO 16863,410.25
2020,WEYMOUTH WESTON ROAD CSO 16864,0.00
2020,WICK MANOR ROAD STW 13345,220.17
2020,WICK ST LAWRENCE STW 13346,1624.75
2020,WICK THE GREEN CSO 19903,126.00
2020,WICKWAR STW 13347,179.73
2020,WILLITON UNION LANE SO CSO 16893,8.43
2020,WILLSBRIDGE CSO 17684,285.00
2020,WIMBORNE BROOK ROAD NO 1 SPS 15082,181.50
2020,WIMBORNE LEIGH ROAD 205 (PUMPED) CSO 19572,2.42
2020,WIMBORNE PILFORD HEATH SPS 15073,308.97
2020,WIMBORNE POOLE ROAD SPS 15079,0.00
2020,WINCANTON BENNET FIELD CSO 16716,26.55
2020,WINGFIELD CHURCH LANE SPS 14444,922.50
2020,WINSCOMBE STW 13351,1692.60
2020,WINTERBOURNE HARCOMBE FARM HICKS COMMON IN FIELD CSO 16950,110.20
2020,WINTERBOURNE WATLEYS END IN FIELD OFF FACTORY ROAD CSO 16561,856.77
2020,WISHFORD WILTON ROAD STW 13353,528.00
2020,WITHAM FRIARY SPS 14107,132.50
2020,WIVELISCOMBE HILLSMOOR STW 13354,54.00
2020,WIVELISCOMBE HILLSMOOR STW 13354,3.30
2020,WIVELISCOMBE STYLES STW 13355,32.53
2020,WIVELISCOMBE STYLES STW 13355,1958.23
2020,WOOKEY AXE ROAD O/S RIVERSIDE COTTAGE CSO 19467,2.30
2020,WOOKEY HOLE GLEN COTTAGE GLENCOTT LANE CSO 19723,46.93
2020,WOOKEY STW 13358,2960.60
2020,WOOKEY STW 13358,191.80
2020,WOOL RAILWAY COTTAGES SPS 14273,110.75
2020,WOOL STATION ROAD IN GRASS VERGE CSO 16640,233.20
2020,WOOLAVINGTON MEADOW FARM SPS 15396,13.25
2020,WOOTTON COURTENAY SPS 15508,30.75
2020,WORTH MATRAVERS STW 13362,199.01
2020,WORTON MILL ROAD SPS 15125,138.75
2020,WOTTON-UNDER-EDGE BRICKFIELDS CSO 16722,0.00
2020,WOTTON-UNDER-EDGE HACK MILL CSO 16723,322.50
2020,WOTTON-UNDER-EDGE OLD COACH YARD CSO 16726,6.30
2020,WOTTON-UNDER-EDGE WATER LANE CSO 16725,8.20
2020,WRINGTON WILTONS CSO 17058,46.07
2020,WYKE REGIS DONCASTER ROAD CSO 16839,2.83
2020,WYKE REGIS HILLCREST ROAD SPS 15555,0.00
2020,YEOVIL COOPERS MILL HENDFORD CSO 16684,11.75
2020,YEOVIL HORSEY LANE CSO 16691,16.75
2020,YEOVIL MUDFORD SPS 15311,53.00
2020,YEOVIL PRESTON GROVE O/S 2 CSO 16690,1.20
2020,YEOVIL SHERBORNE ROAD (PEN MILL) STW 13366,229.04
2020,YEOVILTON WEIR SPS 14295,0.00
